metric,value
r2,0.49445127552255386
rmse,0.4081450908286087
mae,0.329210747594351
